{
  "D_jacket": 0.42,
  "N_ch": 7,
  "t_fin": 0.003,
  "n_longitudinal_fins": 7,
  "longitudinal_fin_height": 0.015,
  "longitudinal_fin_thickness": 0.004,
  "w_ch": 0.13971806626307917,
  "GAP": 0.05099999999999999,
  "A_c": 0.006705621379417036,
  "D_h": 0.04535144885907326,
  "v": 0.007907453648764195,
  "Re1": 0.07047148162744349,
  "Re2": 0.06575905565558263,
  "h1": 88.02719001248252,
  "h2": 82.43250824471309,
  "eta1": 0.862182364222702,
  "eta2": 0.8695767264386609,
  "LMTD1": 147.05334179930773,
  "LMTD2": 42.27271161941359,
  "A_req1": 1.8192784472703392,
  "A_base1": 2.048004250875186,
  "A_eff1": 4.646190805460298,
  "A_req2": 5.759552626310782,
  "A_base2": 2.5674980120727944,
  "A_eff2": 5.852671926885411,
  "enhancement1": 2.268643145381565,
  "enhancement2": 2.2795234502091892,
  "A_margin1": 60.84365615952996,
  "A_margin2": 1.59105621736402,
  "DP1_kPa": 3.3552929024672786,
  "DP2_kPa": 4.507830057652041,
  "DP_total_kPa": 7.863122960119319,
  "design_ok": true,
  "fin_friction_factor": 1.2752754420631591
}