{
  "D_jacket": 0.3396733668341709,
  "N_ch": 8,
  "t_fin": 0.01464824120603015,
  "w_ch": 0.11023006677416414,
  "GAP": 0.010836683417085435,
  "A_c": 0.0011945283366758047,
  "D_h": 0.019733384018135517,
  "v": 0.03884072067518195,
  "Re1": 0.15061715095648492,
  "Re2": 0.14054538635634028,
  "h1": 197.46808433640538,
  "h2": 184.91774516283206,
  "LMTD1": 147.05334179930773,
  "LMTD2": 42.27271161941359,
  "A_req1": 0.8109967243651214,
  "A_av1": 2.048004250875186,
  "A_req2": 2.5674895015410923,
  "A_av2": 2.5674980120727944,
  "A_margin1": 60.40063276145284,
  "A_margin2": 0.0003314717932405383,
  "DP1_kPa": 68.25842507645214,
  "DP2_kPa": 91.70507290775086,
  "DP_total_kPa": 159.96349798420297,
  "design_ok": true
}