{
  "D_jacket": 0.3384615384615385,
  "N_ch": 8,
  "t_fin": 0.002842105263157895,
  "w_ch": 0.12203620271703639,
  "GAP": 0.010230769230769238,
  "A_c": 0.0012485242277973732,
  "D_h": 0.018878850999780324,
  "v": 0.03716094604368738,
  "Re1": 0.13786305621755796,
  "Re2": 0.12864415756981423,
  "Nu1": 6.778260872366026,
  "Nu2": 6.347459747004265,
  "h1": 197.47194783436208,
  "h2": 184.92136311118557,
  "LMTD1": 147.05334179930773,
  "LMTD2": 42.27271161941359,
  "A_req1": 0.8109808573813708,
  "A_av1": 2.048004250875186,
  "A_req2": 2.5674392691382026,
  "A_av2": 2.5674980120727944,
  "A_margin1": 60.4014075149107,
  "A_margin2": 0.0022879446961796657,
  "DP1_kPa": 71.35226487939282,
  "DP2_kPa": 95.86164119035918,
  "DP_total_kPa": 167.213906069752,
  "design_ok": 