{
  "D_jacket": 0.5,
  "N_ch": 7,
  "t_fin": 0.002,
  "n_longitudinal_fins": 9,
  "longitudinal_fin_height": 0.018157894736842106,
  "longitudinal_fin_thickness": 0.004714285714285714,
  "w_ch": 0.14071806626307917,
  "GAP": 0.091,
  "A_c": 0.012034930496105618,
  "D_h": 0.060914902729810774,
  "v": 0.004405874239245553,
  "Re1": 0.05274013449201785,
  "Re2": 0.04921340319873348,
  "h1": 65.65047250906201,
  "h2": 61.47797192668726,
  "eta1": 0.870655075956374,
  "eta2": 0.8776739974807407,
  "LMTD1": 147.05334179930773,
  "LMTD2": 42.27271161941359,
  "A_req1": 2.439372687551863,
  "A_base1": 2.048004250875186,
  "A_eff1": 6.131536940940361,
  "A_req2": 7.722674552771404,
  "A_base2": 2.5674980120727944,
  "A_eff2": 7.728124111186142,
  "enhancement1": 2.9939083077196416,
  "enhancement2": 3.0099825101508326,
  "A_margin1": 60.21596687668737,
  "A_margin2": 0.07051592775082417,
  "DP1_kPa": 1.0990964939054175,
  "DP2_kPa": 1.4766341882830993,
  "DP_total_kPa": 2.575730682188517,
  "design_ok": true
}